{
  "Logistic Regression": {
    "model_name": "Logistic Regression",
    "accuracy": 0.7392307692307692,
    "precision": 0.7665198237885462,
    "recall": 0.8456865127582017,
    "f1_score": 0.804159445407279,
    "roc_auc": 0.805668274019222,
    "confusion_matrix": [
      [
        265,
        212
      ],
      [
        127,
        696
      ]
    ],
    "training_time": 0.005179882049560547,
    "cv_scores": [
      0.7484615384615385,
      0.7330769230769231,
      0.74364896073903,
      0.7390300230946882,
      0.7390300230946882
    ],
    "cv_mean": 0.7406494936933736,
    "cv_std": 0.005150029937756361
  },
  "Random Forest": {
    "model_name": "Random Forest",
    "accuracy": 0.8076923076923077,
    "precision": 0.823728813559322,
    "recall": 0.8857837181044957,
    "f1_score": 0.8536299765807962,
    "roc_auc": 0.8809107142402266,
    "confusion_matrix": [
      [
        321,
        156
      ],
      [
        94,
        729
      ]
    ],
    "training_time": 0.08556914329528809,
    "cv_scores": [
      0.8246153846153846,
      0.8184615384615385,
      0.7990762124711316,
      0.7929176289453426,
      0.815242494226328
    ],
    "cv_mean": 0.8100626517439451,
    "cv_std": 0.012031689448490278
  },
  "XGBoost": {
    "model_name": "XGBoost",
    "accuracy": 0.8138461538461539,
    "precision": 0.8342922899884925,
    "recall": 0.8809234507897934,
    "f1_score": 0.8569739952718676,
    "roc_auc": 0.8769827623538162,
    "confusion_matrix": [
      [
        333,
        144
      ],
      [
        98,
        725
      ]
    ],
    "training_time": 0.20824503898620605,
    "cv_scores": [
      0.8092307692307692,
      0.81,
      0.8137028483448807,
      0.7975365665896844,
      0.8113933795227097
    ],
    "cv_mean": 0.8083727127376088,
    "cv_std": 0.005627453447830412
  }
}
